Prï¿½nom;Nom;OU;id;mail;nom_prenom;pwd;
Tammy;Cook;GMP_BUT_1;tacook;tacook@beg.priv;Tammy Cook;p%4*gJ*NqW9!N;Il y a un caractï¿½re spï¿½cial
Douglas;Rodriguez;INF_BUT_1;dorodriguez;dorodriguez@beg.priv;Douglas Rodriguez;cYMBf8S7!j@^%;Il y a un caractï¿½re spï¿½cial
Michael;Pope;INF_BUT_3;mipope;mipope@beg.priv;Michael Pope;xzoy@Lgwy2$x$;Il y a un caractï¿½re spï¿½cial
Erin;Singh;GTE_BUT_1;ersingh;ersingh@beg.priv;Erin Singh;@1tAuBx$TCEkQ;Il y a un caractï¿½re spï¿½cial
Marvin;Reid;GTE_BUT_3;mareid;mareid@beg.priv;Marvin Reid;U#XOG3^P1Ul2M;Il y a un caractï¿½re spï¿½cial
Yvonne;Jackson;GMP_BUT_2;yvjackson;yvjackson@beg.priv;Yvonne Jackson;P&itXWfz!6zjm;Il y a un caractï¿½re spï¿½cial
Patricia;Hart;GEA_BUT_3;pahart;pahart@beg.priv;Patricia Hart;4og!TeJtdjU$@;Il y a un caractï¿½re spï¿½cial
Jane;Aguirre;GTE_BUT_3;jaaguirre;jaaguirre@beg.priv;Jane Aguirre;#3qMpd%p@hWLT;Il y a un caractï¿½re spï¿½cial
Anthony;Griffith;GMP_BUT_3;angriffith;angriffith@beg.priv;Anthony Griffith;R$w80sgWh9Gmc;Il y a un caractï¿½re spï¿½cial
Carrie;Stephenson;GEA_BUT_3;castephenson;castephenson@beg.priv;Carrie Stephenson;TpL!L^z5dvYeW;Il y a un caractï¿½re spï¿½cial
Anthony;Wilson;GTE_BUT_3;anwilson;anwilson@beg.priv;Anthony Wilson;IaPyWpUh$V16O;Il y a un caractï¿½re spï¿½cial
Troy;Houston;INF_BUT_1;trhouston;trhouston@beg.priv;Troy Houston;RC8C1067R3%aO;Il y a un caractï¿½re spï¿½cial
Michael;Zimmerman;GMP_BUT_1;mizimmerman;mizimmerman@beg.priv;Michael Zimmerman;cxQVJ44NW$ak9;Il y a un caractï¿½re spï¿½cial
Joshua;Sims;INF_BUT_2;josims;josims@beg.priv;Joshua Sims;rE#DZhIL0tRN2;Il y a un caractï¿½re spï¿½cial
Matthew;Bryan;GMP_BUT_1;mabryan;mabryan@beg.priv;Matthew Bryan;xXu7$D*%L2CT%;Il y a un caractï¿½re spï¿½cial
Ashley;Mcdonald;GMP_BUT_1;asmcdonald;asmcdonald@beg.priv;Ashley Mcdonald;dAcdoM#2qWz5!;Il y a un caractï¿½re spï¿½cial
Michael;Cross;QLI_BUT_1;micross;micross@beg.priv;Michael Cross;3F@VxNVQ%3fEU;Il y a un caractï¿½re spï¿½cial
Mario;Johnson;GMP_BUT_1;majohnson;majohnson@beg.priv;Mario Johnson;vsypH$JYduACB;Il y a un caractï¿½re spï¿½cial
Brittany;Martinez;GTE_BUT_3;brmartinez;brmartinez@beg.priv;Brittany Martinez;*7y%dfFl*v!Xe;Il y a un caractï¿½re spï¿½cial
